label,x,y,z,yaw
stop_line_4a,1,0.587785252292473,0,0
2,6,-0.587785252292473,0,0
start_point_mission_C,9,-0.587785252292473,0,0
