label,x,y,z,yaw
1,1,0.587785252292473,0,0
2,6,-0.587785252292473,0,0
3,9,-0.587785252292473,0,0
